ELS_ID,Sex,t1_kidmid_usability,t1_dti_usability,t1x_kidmid_usability,t1x_dti_usability,tmid_kidmid_usability,tmid_dti_usability,tmidx_kidmid_usability,tmidx_dti_usability
193,F,1,1,1,0,1,1,0,0
47,M,1,1,0,1,0,0,0,0
156,F,1,1,0,0,1,1,1,0
12,F,1,1,0,0,1,1,0,0
17,F,1,1,0,0,1,1,0,0
59,F,1,1,0,0,1,1,0,0
69,F,1,1,0,0,1,1,0,0
72,F,1,1,0,0,1,1,0,0
77,F,1,1,0,0,1,1,0,0
88,F,1,1,0,0,1,1,0,0
97,F,1,1,0,0,1,1,0,0
107,F,1,1,0,0,1,1,0,0
115,F,1,1,0,0,1,1,0,0
118,F,1,1,0,0,1,1,0,0
121,F,1,1,0,0,1,1,0,0
137,F,1,1,0,0,1,1,0,0
146,F,1,1,0,0,1,1,0,0
147,F,1,1,0,0,1,1,0,0
163,F,1,1,0,0,1,1,0,0
164,F,1,1,0,0,1,1,0,0
171,F,1,1,0,0,1,1,0,0
172,F,1,1,0,0,1,1,0,0
180,F,1,1,0,0,1,1,0,0
185,F,1,1,0,0,1,1,0,0
201,F,1,1,0,0,1,1,0,0
302,F,1,1,0,0,1,1,0,0
106,F,1,1,0,0,1,0,0,0
116,F,1,1,0,0,1,0,0,0
125,F,1,1,0,0,1,0,0,0
132,F,1,1,0,0,1,0,0,0
145,F,1,1,0,0,1,0,0,0
170,F,1,1,0,0,1,0,0,0
202,F,1,1,0,0,1,0,0,0
305,F,1,1,0,0,1,0,0,0
16,F,1,1,0,0,0,1,0,0
24,F,1,1,0,0,0,1,0,0
6,F,1,1,0,0,0,0,0,0
9,T0(FTM),1,1,0,0,0,0,0,0
13,F,1,1,0,0,0,0,0,0
14,F,1,1,0,0,0,0,0,0
25,M,1,1,0,0,0,0,0,0
26,F,1,1,0,0,0,0,0,0
28,F,1,1,0,0,0,0,0,0
32,F,1,1,0,0,0,0,0,0
33,F,1,1,0,0,0,0,0,0
39,F,1,1,0,0,0,0,0,0
41,M,1,1,0,0,0,0,0,0
42,M,1,1,0,0,0,0,0,0
46,M,1,1,0,0,0,0,0,0
48,M,1,1,0,0,0,0,0,0
49,F,1,1,0,0,0,0,0,0
50,M,1,1,0,0,0,0,0,0
54,M,1,1,0,0,0,0,0,0
56,F,1,1,0,0,0,0,0,0
58,M,1,1,0,0,0,0,0,0
60,F,1,1,0,0,0,0,0,0
61,M,1,1,0,0,0,0,0,0
62,M,1,1,0,0,0,0,0,0
64,M,1,1,0,0,0,0,0,0
65,F,1,1,0,0,0,0,0,0
67,F,1,1,0,0,0,0,0,0
68,M,1,1,0,0,0,0,0,0
70,F,1,1,0,0,0,0,0,0
73,F,1,1,0,0,0,0,0,0
74,F,1,1,0,0,0,0,0,0
76,F,1,1,0,0,0,0,0,0
79,F,1,1,0,0,0,0,0,0
81,M,1,1,0,0,0,0,0,0
83,M,1,1,0,0,0,0,0,0
85,M,1,1,0,0,0,0,0,0
87,M,1,1,0,0,0,0,0,0
89,M,1,1,0,0,0,0,0,0
90,M,1,1,0,0,0,0,0,0
91,M,1,1,0,0,0,0,0,0
93,F,1,1,0,0,0,0,0,0
95,M,1,1,0,0,0,0,0,0
98,M,1,1,0,0,0,0,0,0
99,F,1,1,0,0,0,0,0,0
100,F,1,1,0,0,0,0,0,0
103,F,1,1,0,0,0,0,0,0
111,M,1,1,0,0,0,0,0,0
112,M,1,1,0,0,0,0,0,0
113,M,1,1,0,0,0,0,0,0
114,M,1,1,0,0,0,0,0,0
117,M,1,1,0,0,0,0,0,0
122,M,1,1,0,0,0,0,0,0
124,F,1,1,0,0,0,0,0,0
127,F,1,1,0,0,0,0,0,0
136,M,1,1,0,0,0,0,0,0
139,M,1,1,0,0,0,0,0,0
140,M,1,1,0,0,0,0,0,0
148,F,1,1,0,0,0,0,0,0
149,F,1,1,0,0,0,0,0,0
151,F,1,1,0,0,0,0,0,0
154,M,1,1,0,0,0,0,0,0
155,M,1,1,0,0,0,0,0,0
157,M,1,1,0,0,0,0,0,0
162,F,1,1,0,0,0,0,0,0
165,M,1,1,0,0,0,0,0,0
166,M,1,1,0,0,0,0,0,0
168,F,1,1,0,0,0,0,0,0
169,F,1,1,0,0,0,0,0,0
173,M,1,1,0,0,0,0,0,0
174,M,1,1,0,0,0,0,0,0
175,F,1,1,0,0,0,0,0,0
178,M,1,1,0,0,0,0,0,0
179,M,1,1,0,0,0,0,0,0
182,M,1,1,0,0,0,0,0,0
186,M,1,1,0,0,0,0,0,0
188,F,1,1,0,0,0,0,0,0
189,M,1,1,0,0,0,0,0,0
191,M,1,1,0,0,0,0,0,0
203,F,1,1,0,0,0,0,0,0
205,M,1,1,0,0,0,0,0,0
210,M,1,1,0,0,0,0,0,0
213,F,1,1,0,0,0,0,0,0
215,M,1,1,0,0,0,0,0,0
217,M,1,1,0,0,0,0,0,0
218,M,1,1,0,0,0,0,0,0
303,F,1,1,0,0,0,0,0,0
311,F,1,1,0,0,0,0,0,0
312,F,1,1,0,0,0,0,0,0
315,F,1,1,0,0,0,0,0,0
318,F,1,1,0,0,0,0,0,0
144,F,1,0,1,1,1,1,0,0
86,F,1,0,1,1,0,0,0,0
142,M,1,0,1,1,0,0,0,0
307,F,1,0,0,1,1,1,0,0
75,F,1,0,0,1,1,0,0,0
34,F,1,0,0,1,0,0,0,0
40,F,1,0,0,1,0,0,0,0
138,M,1,0,0,1,0,0,0,0
158,F,1,0,0,1,0,0,0,0
159,F,1,0,0,0,1,0,0,1
120,F,1,0,0,0,1,0,0,0
1,F,1,0,0,0,0,0,0,0
2,F,1,0,0,0,0,0,0,0
3,F,1,0,0,0,0,0,0,0
4,F,1,0,0,0,0,0,0,0
5,F,1,0,0,0,0,0,0,0
10,F,1,0,0,0,0,0,0,0
18,F,1,0,0,0,0,0,0,0
20,M,1,0,0,0,0,0,0,0
21,M,1,0,0,0,0,0,0,0
22,M,1,0,0,0,0,0,0,0
23,F,1,0,0,0,0,0,0,0
30,M,1,0,0,0,0,0,0,0
31,F,1,0,0,0,0,0,0,0
35,M,1,0,0,0,0,0,0,0
36,F,1,0,0,0,0,0,0,0
37,M,1,0,0,0,0,0,0,0
38,F,1,0,0,0,0,0,0,0
102,M,1,0,0,0,0,0,0,0
108,M,1,0,0,0,0,0,0,0
123,M,1,0,0,0,0,0,0,0
135,M,1,0,0,0,0,0,0,0
143,M,1,0,0,0,0,0,0,0
160,M,1,0,0,0,0,0,0,0
161,M,1,0,0,0,0,0,0,0
181,F,1,0,0,0,0,0,0,0
195,M,1,0,0,0,0,0,0,0
197,M,1,0,0,0,0,0,0,0
204,M,1,0,0,0,0,0,0,0
208,F,1,0,0,0,0,0,0,0
55,F,0,1,1,1,1,1,0,0
134,M,0,1,1,1,0,0,0,0
150,M,0,1,1,0,0,0,0,0
92,F,0,1,0,0,1,1,0,0
183,F,0,1,0,0,1,1,0,0
214,F,0,1,0,0,1,1,0,0
104,F,0,1,0,0,1,0,0,0
57,F,0,1,0,0,0,0,0,0
109,M,0,1,0,0,0,0,0,0
110,F,0,1,0,0,0,0,0,0
129,F,0,1,0,0,0,0,0,0
130,M,0,1,0,0,0,0,0,0
187,F,0,1,0,0,0,0,0,0
153,F,0,0,1,1,1,0,0,0
45,M,0,0,1,0,0,0,0,0
152,F,0,0,0,1,1,1,0,0
167,M,0,0,0,1,0,0,0,0
194,M,0,0,0,1,0,0,0,0
216,F,0,0,0,1,0,0,0,0
192,F,0,0,0,0,1,1,0,0
300,F,0,0,0,0,1,1,0,0
176,F,0,0,0,0,1,0,0,1
11,F,0,0,0,0,1,0,0,0
196,F,0,0,0,0,0,1,0,0